rank,file,t_sec,score,U,A,D,n_boxes,n_ambiguous,empty,selected
1,frame_0073.jpg,29.2,0.7206,0.5412,0.8333,1.0,5,5,False,True
2,frame_0123.jpg,49.2,0.7138,0.7716,0.6667,0.64,4,4,False,True
3,frame_0387.jpg,154.8,0.7074,0.7347,1.0,0.2,8,6,False,True
4,frame_0169.jpg,67.6,0.6574,0.6068,0.8333,0.52,6,5,False,True
5,frame_0173.jpg,69.2,0.6545,0.665,0.8333,0.36,6,5,False,False
6,frame_0072.jpg,28.8,0.6475,0.4949,0.6667,1.0,7,4,False,False
7,frame_0008.jpg,3.2,0.6393,0.5785,0.5,1.0,3,3,False,True
8,frame_0001.jpg,0.4,0.6349,0.5698,0.5,1.0,5,3,False,True
9,frame_0297.jpg,118.8,0.6185,0.5969,0.6667,0.6,4,4,False,True
10,frame_0384.jpg,153.6,0.6157,0.5674,1.0,0.16,8,6,False,False
11,frame_0070.jpg,28.0,0.6138,0.4275,0.6667,1.0,5,4,False,False
12,frame_0077.jpg,30.8,0.6014,0.5508,0.5,0.88,6,3,False,False
13,frame_0375.jpg,150.0,0.5973,0.6146,0.8333,0.2,6,5,False,True
14,frame_0074.jpg,29.6,0.5946,0.4892,0.5,1.0,6,3,False,False
15,frame_0397.jpg,158.8,0.5936,0.6072,0.8333,0.2,7,5,False,True
16,frame_0129.jpg,51.6,0.5914,0.5307,0.5,0.88,6,3,False,True
17,frame_0291.jpg,116.4,0.5912,0.4463,0.6667,0.84,6,4,False,True
18,frame_0289.jpg,115.6,0.5888,0.6737,0.3333,0.76,3,2,False,False
19,frame_0168.jpg,67.2,0.5828,0.5415,0.6667,0.56,6,4,False,False
20,frame_0071.jpg,28.4,0.5806,0.4613,0.5,1.0,5,3,False,False
21,frame_0216.jpg,86.4,0.579,0.8819,0.1667,0.44,2,1,False,True
22,frame_0015.jpg,6.0,0.5767,0.5534,0.3333,1.0,4,2,False,False
23,frame_0112.jpg,44.8,0.5739,0.7678,0.5,0.2,3,3,False,False
24,frame_0376.jpg,150.4,0.5715,0.679,0.6667,0.16,6,4,False,False
25,frame_0290.jpg,116.0,0.5667,0.5135,0.5,0.8,4,3,False,False
26,frame_0029.jpg,11.6,0.5629,0.4257,0.5,1.0,5,3,False,False
27,frame_0283.jpg,113.2,0.5622,0.7165,0.3333,0.52,2,2,False,False
28,frame_0126.jpg,50.4,0.5582,0.5124,0.5,0.76,4,3,False,False
29,frame_0327.jpg,130.8,0.5578,0.6996,0.6667,0.04,9,4,False,False
30,frame_0079.jpg,31.6,0.5551,0.4901,0.5,0.8,6,3,False,False
31,frame_0019.jpg,7.6,0.5521,0.6042,0.1667,1.0,1,1,False,False
32,frame_0020.jpg,8.0,0.5451,0.4903,0.3333,1.0,2,2,False,False
33,frame_0106.jpg,42.4,0.5409,0.5658,0.8333,0.04,6,5,False,False
34,frame_0033.jpg,13.2,0.537,0.3739,0.5,1.0,5,3,False,False
35,frame_0231.jpg,92.4,0.5361,0.5082,0.8333,0.16,7,5,False,False
36,frame_0332.jpg,132.8,0.5345,0.653,0.6667,0.04,7,4,False,False
37,frame_0286.jpg,114.4,0.5342,0.5123,0.5,0.64,4,3,False,False
38,frame_0296.jpg,118.4,0.5285,0.401,0.6667,0.64,5,4,False,False
39,frame_0209.jpg,83.6,0.528,0.468,0.5,0.72,3,3,False,False
40,frame_0287.jpg,114.8,0.5267,0.4814,0.5,0.68,5,3,False,False
41,frame_0183.jpg,73.2,0.5246,0.7333,0.5,0.04,4,3,False,False
42,frame_0210.jpg,84.0,0.5219,0.5718,0.3333,0.68,2,2,False,False
43,frame_0329.jpg,131.6,0.5216,0.6111,0.6667,0.08,5,4,False,False
44,frame_0298.jpg,119.2,0.5211,0.5181,0.5,0.56,5,3,False,False
45,frame_0013.jpg,5.2,0.5173,0.5345,0.1667,1.0,2,1,False,False
46,frame_0124.jpg,49.6,0.5168,0.4616,0.5,0.68,6,3,False,False
47,frame_0011.jpg,4.4,0.5129,0.4259,0.3333,1.0,3,2,False,False
48,frame_0224.jpg,89.6,0.5128,0.7777,0.3333,0.12,3,2,False,False
49,frame_0202.jpg,80.8,0.5121,0.4841,0.5,0.6,3,3,False,False
50,frame_0295.jpg,118.0,0.5114,0.4508,0.5,0.68,5,3,False,False
51,frame_0294.jpg,117.6,0.5066,0.4252,0.5,0.72,5,3,False,False
52,frame_0068.jpg,27.2,0.5065,0.4131,0.3333,1.0,3,2,False,False
53,frame_0377.jpg,150.8,0.5046,0.5612,0.6667,0.12,7,4,False,False
54,frame_0206.jpg,82.4,0.5037,0.6034,0.1667,0.76,1,1,False,False
55,frame_0281.jpg,112.4,0.502,0.5279,0.5,0.44,4,3,False,False
56,frame_0315.jpg,126.0,0.502,0.556,0.6667,0.12,6,4,False,False
57,frame_0386.jpg,154.4,0.5014,0.6067,0.5,0.24,6,3,False,False
58,frame_0276.jpg,110.4,0.4961,0.4961,0.6667,0.24,6,4,False,False
59,frame_0113.jpg,45.2,0.4932,0.4903,0.6667,0.24,4,4,False,False
60,frame_0208.jpg,83.2,0.4882,0.5724,0.1667,0.76,2,1,False,False
61,frame_0075.jpg,30.0,0.4873,0.3907,0.3333,0.96,5,2,False,False
62,frame_0274.jpg,109.6,0.4872,0.5104,0.6667,0.16,5,4,False,False
63,frame_0031.jpg,12.4,0.4867,0.2734,0.5,1.0,6,3,False,False
64,frame_0170.jpg,68.0,0.4825,0.473,0.5,0.48,5,3,False,False
65,frame_0078.jpg,31.2,0.4783,0.3206,0.5,0.84,5,3,False,False
66,frame_0232.jpg,92.8,0.478,0.4759,0.6667,0.2,4,4,False,False
67,frame_0191.jpg,76.4,0.4763,0.6887,0.3333,0.16,2,2,False,False
68,frame_0278.jpg,111.2,0.476,0.524,0.5,0.32,6,3,False,False
69,frame_0178.jpg,71.2,0.4756,0.6872,0.3333,0.16,2,2,False,False
70,frame_0288.jpg,115.2,0.4728,0.4576,0.3333,0.72,5,2,False,False
71,frame_0330.jpg,132.0,0.4727,0.5294,0.6667,0.04,7,4,False,False
72,frame_0398.jpg,159.2,0.4727,0.5494,0.5,0.24,7,3,False,False
73,frame_0018.jpg,7.2,0.4703,0.3407,0.3333,1.0,4,2,False,False
74,frame_0367.jpg,146.8,0.4692,0.5064,0.6667,0.08,8,4,False,False
75,frame_0087.jpg,34.8,0.4661,0.4403,0.5,0.48,3,3,False,False
76,frame_0127.jpg,50.8,0.4661,0.4123,0.3333,0.8,4,2,False,False
77,frame_0374.jpg,149.6,0.4661,0.5521,0.5,0.2,9,3,False,False
78,frame_0184.jpg,73.6,0.466,0.5,0.6667,0.08,5,4,False,False
79,frame_0307.jpg,122.8,0.466,0.452,0.6667,0.2,5,4,False,False
80,frame_0004.jpg,1.6,0.4631,0.3263,0.3333,1.0,4,2,False,False
81,frame_0175.jpg,70.0,0.4621,0.5122,0.5,0.28,5,3,False,False
82,frame_0014.jpg,5.6,0.4606,0.3212,0.3333,1.0,4,2,False,False
83,frame_0116.jpg,46.4,0.4603,0.4766,0.5,0.36,6,3,False,False
84,frame_0000.jpg,0.0,0.4583,0.3167,0.3333,1.0,5,2,False,False
85,frame_0230.jpg,92.0,0.4577,0.4674,0.6667,0.12,6,4,False,False
86,frame_0300.jpg,120.0,0.4569,0.4218,0.5,0.48,3,3,False,False
87,frame_0021.jpg,8.4,0.4554,0.3108,0.3333,1.0,4,2,False,False
88,frame_0389.jpg,155.6,0.4544,0.4608,0.6667,0.12,6,4,False,False
89,frame_0275.jpg,110.0,0.4491,0.4181,0.6667,0.2,6,4,False,False
90,frame_0025.jpg,10.0,0.4487,0.3974,0.1667,1.0,1,1,False,False
91,frame_0233.jpg,93.2,0.4474,0.4989,0.5,0.24,4,3,False,False
92,frame_0284.jpg,113.6,0.4473,0.3705,0.5,0.56,5,3,False,False
93,frame_0076.jpg,30.4,0.4468,0.4256,0.1667,0.92,4,1,False,False
94,frame_0176.jpg,70.4,0.4459,0.3957,0.6667,0.24,5,4,False,False
95,frame_0122.jpg,48.8,0.4456,0.3512,0.5,0.6,4,3,False,False
96,frame_0005.jpg,2.0,0.4449,0.2899,0.3333,1.0,5,2,False,False
97,frame_0130.jpg,52.0,0.4407,0.3134,0.3333,0.92,5,2,False,False
98,frame_0010.jpg,4.0,0.4384,0.3768,0.1667,1.0,1,1,False,False
99,frame_0368.jpg,147.2,0.4359,0.4558,0.6667,0.04,9,4,False,False
100,frame_0028.jpg,11.2,0.4357,0.3713,0.1667,1.0,2,1,False,False
101,frame_0026.jpg,10.4,0.4356,0.3711,0.1667,1.0,2,1,False,False
102,frame_0395.jpg,158.0,0.4338,0.4196,0.6667,0.12,6,4,False,False
103,frame_0306.jpg,122.4,0.4307,0.4654,0.5,0.24,6,3,False,False
104,frame_0304.jpg,121.6,0.4284,0.5289,0.3333,0.32,4,2,False,False
105,frame_0016.jpg,6.4,0.427,0.254,0.3333,1.0,5,2,False,False
106,frame_0012.jpg,4.8,0.4269,0.3537,0.1667,1.0,3,1,False,False
107,frame_0277.jpg,110.8,0.4262,0.4404,0.5,0.28,6,3,False,False
108,frame_0006.jpg,2.4,0.4254,0.3508,0.1667,1.0,2,1,False,False
109,frame_0067.jpg,26.8,0.4239,0.3477,0.1667,1.0,5,1,False,False
110,frame_0128.jpg,51.2,0.4202,0.4043,0.1667,0.84,5,1,False,False
111,frame_0292.jpg,116.8,0.4158,0.3116,0.3333,0.8,5,2,False,False
112,frame_0396.jpg,158.4,0.4135,0.463,0.5,0.16,7,3,False,False
113,frame_0293.jpg,117.2,0.409,0.3141,0.3333,0.76,4,2,False,False
114,frame_0017.jpg,6.8,0.4088,0.3175,0.1667,1.0,2,1,False,False
115,frame_0032.jpg,12.8,0.4066,0.3132,0.1667,1.0,3,1,False,False
116,frame_0133.jpg,53.2,0.402,0.304,0.1667,1.0,3,1,False,False
117,frame_0117.jpg,46.8,0.3987,0.4374,0.3333,0.4,5,2,False,False
118,frame_0131.jpg,52.4,0.3945,0.305,0.1667,0.96,4,1,False,False
119,frame_0225.jpg,90.0,0.3931,0.4542,0.5,0.08,6,3,False,False
120,frame_0385.jpg,154.0,0.3897,0.3994,0.5,0.2,6,3,False,False
121,frame_0373.jpg,149.2,0.3893,0.4146,0.5,0.16,7,3,False,False
122,frame_0093.jpg,37.2,0.3881,0.4802,0.3333,0.24,2,2,False,False
123,frame_0391.jpg,156.4,0.3849,0.4538,0.5,0.04,5,3,False,False
124,frame_0098.jpg,39.2,0.3827,0.3494,0.6667,0.04,5,4,False,False
125,frame_0314.jpg,125.6,0.3825,0.5331,0.3333,0.08,3,2,False,False
126,frame_0002.jpg,0.8,0.3817,0.2633,0.1667,1.0,6,1,False,False
127,frame_0309.jpg,123.6,0.3785,0.409,0.5,0.12,4,3,False,False
128,frame_0333.jpg,133.2,0.3772,0.5225,0.3333,0.08,7,2,False,False
129,frame_0027.jpg,10.8,0.3767,0.2534,0.1667,1.0,2,1,False,False
130,frame_0007.jpg,2.8,0.3761,0.2522,0.1667,1.0,4,1,False,False
131,frame_0088.jpg,35.2,0.375,0.3741,0.3333,0.44,3,2,False,False
132,frame_0108.jpg,43.2,0.3743,0.4327,0.5,0.04,5,3,False,False
133,frame_0167.jpg,66.8,0.3742,0.3085,0.3333,0.6,5,2,False,False
134,frame_0285.jpg,114.0,0.373,0.3061,0.3333,0.6,4,2,False,False
135,frame_0069.jpg,27.6,0.3726,0.2451,0.1667,1.0,5,1,False,False
136,frame_0125.jpg,50.0,0.3719,0.3558,0.1667,0.72,6,1,False,False
137,frame_0201.jpg,80.4,0.3707,0.3175,0.3333,0.56,4,2,False,False
138,frame_0003.jpg,1.2,0.3677,0.2354,0.1667,1.0,5,1,False,False
139,frame_0322.jpg,128.8,0.3669,0.3697,0.5,0.16,6,3,False,False
140,frame_0218.jpg,87.2,0.3656,0.4872,0.1667,0.36,2,1,False,False
141,frame_0320.jpg,128.0,0.36,0.4241,0.3333,0.24,6,2,False,False
142,frame_0214.jpg,85.6,0.3587,0.4093,0.1667,0.52,2,1,False,False
143,frame_0195.jpg,78.0,0.358,0.388,0.3333,0.32,2,2,False,False
144,frame_0301.jpg,120.4,0.3578,0.3397,0.3333,0.44,5,2,False,False
145,frame_0030.jpg,12.0,0.3558,0.2116,0.1667,1.0,6,1,False,False
146,frame_0328.jpg,131.2,0.3558,0.3797,0.5,0.08,7,3,False,False
147,frame_0280.jpg,112.0,0.3556,0.3513,0.3333,0.4,6,2,False,False
148,frame_0394.jpg,157.6,0.3549,0.4779,0.3333,0.08,3,2,False,False
149,frame_0185.jpg,74.0,0.3533,0.3745,0.5,0.08,5,3,False,False
150,frame_0111.jpg,44.4,0.3529,0.4419,0.3333,0.16,3,2,False,False
151,frame_0220.jpg,88.0,0.3521,0.3922,0.3333,0.28,2,2,False,False
152,frame_0390.jpg,156.0,0.352,0.372,0.5,0.08,5,3,False,False
153,frame_0115.jpg,46.0,0.3506,0.3732,0.3333,0.32,4,2,False,False
154,frame_0279.jpg,111.6,0.3504,0.4567,0.1667,0.36,5,1,False,False
155,frame_0399.jpg,159.6,0.3504,0.3889,0.3333,0.28,5,2,False,False
156,frame_0085.jpg,34.0,0.3499,0.3758,0.1667,0.56,1,1,False,False
157,frame_0118.jpg,47.2,0.3486,0.3213,0.3333,0.44,4,2,False,False
158,frame_0302.jpg,120.8,0.3479,0.4357,0.1667,0.4,6,1,False,False
159,frame_0303.jpg,121.2,0.3465,0.3491,0.3333,0.36,4,2,False,False
160,frame_0383.jpg,153.2,0.3453,0.5426,0.1667,0.12,2,1,False,False
161,frame_0024.jpg,9.6,0.3442,0.2884,0.0,1.0,1,0,False,False
162,frame_0388.jpg,155.2,0.3418,0.3196,0.5,0.16,7,3,False,False
163,frame_0317.jpg,126.8,0.3413,0.4026,0.3333,0.2,6,2,False,False
164,frame_0378.jpg,151.2,0.3396,0.4472,0.3333,0.08,8,2,False,False
165,frame_0171.jpg,68.4,0.3389,0.3019,0.3333,0.44,4,2,False,False
166,frame_0229.jpg,91.6,0.3385,0.3449,0.5,0.08,5,3,False,False
167,frame_0196.jpg,78.4,0.336,0.428,0.1667,0.36,2,1,False,False
168,frame_0096.jpg,38.4,0.333,0.4181,0.3333,0.12,5,2,False,False
169,frame_0189.jpg,75.6,0.3324,0.4329,0.3333,0.08,3,2,False,False
170,frame_0121.jpg,48.4,0.321,0.318,0.1667,0.56,4,1,False,False
171,frame_0104.jpg,41.6,0.3206,0.3932,0.3333,0.12,3,2,False,False
172,frame_0177.jpg,70.8,0.3204,0.3609,0.3333,0.2,6,2,False,False
173,frame_0316.jpg,126.4,0.3201,0.3763,0.3333,0.16,6,2,False,False
174,frame_0370.jpg,148.0,0.3181,0.3203,0.5,0.04,6,3,False,False
175,frame_0372.jpg,148.8,0.316,0.4839,0.1667,0.12,3,1,False,False
176,frame_0022.jpg,8.8,0.3146,0.2292,0.0,1.0,1,0,False,False
177,frame_0213.jpg,85.2,0.3145,0.3049,0.1667,0.56,2,1,False,False
178,frame_0198.jpg,79.2,0.3142,0.3523,0.1667,0.44,2,1,False,False
179,frame_0095.jpg,38.0,0.314,0.3641,0.3333,0.16,6,2,False,False
180,frame_0174.jpg,69.6,0.3116,0.2952,0.3333,0.32,5,2,False,False
181,frame_0091.jpg,36.4,0.3097,0.3914,0.1667,0.32,2,1,False,False
182,frame_0203.jpg,81.2,0.3084,0.2608,0.1667,0.64,4,1,False,False
183,frame_0092.jpg,36.8,0.308,0.4039,0.1667,0.28,2,1,False,False
184,frame_0101.jpg,40.4,0.3077,0.3835,0.3333,0.08,3,2,False,False
185,frame_0228.jpg,91.2,0.3075,0.399,0.3333,0.04,3,2,False,False
186,frame_0194.jpg,77.6,0.3073,0.4025,0.1667,0.28,2,1,False,False
187,frame_0269.jpg,107.6,0.3055,0.3951,0.3333,0.04,4,2,False,False
188,frame_0102.jpg,40.8,0.3045,0.461,0.1667,0.12,1,1,False,False
189,frame_0086.jpg,34.4,0.3042,0.3003,0.1667,0.52,2,1,False,False
190,frame_0271.jpg,108.4,0.3026,0.4891,0.1667,0.04,2,1,False,False
191,frame_0179.jpg,71.6,0.301,0.3541,0.3333,0.12,4,2,False,False
192,frame_0084.jpg,33.6,0.3004,0.2607,0.1667,0.6,2,1,False,False
193,frame_0313.jpg,125.2,0.2987,0.3815,0.3333,0.04,2,2,False,False
194,frame_0172.jpg,68.8,0.2979,0.2359,0.3333,0.4,4,2,False,False
195,frame_0211.jpg,84.4,0.2971,0.2382,0.1667,0.64,2,1,False,False
196,frame_0318.jpg,127.2,0.296,0.296,0.3333,0.24,6,2,False,False
197,frame_0080.jpg,32.0,0.2939,0.1838,0.1667,0.76,3,1,False,False
198,frame_0109.jpg,43.6,0.2936,0.3552,0.3333,0.08,6,2,False,False
199,frame_0267.jpg,106.8,0.2933,0.3386,0.3333,0.12,4,2,False,False
200,frame_0188.jpg,75.2,0.2916,0.3673,0.3333,0.04,6,2,False,False
201,frame_0132.jpg,52.8,0.2899,0.1798,0.0,1.0,5,0,False,False
202,frame_0299.jpg,119.6,0.2876,0.2671,0.1667,0.52,6,1,False,False
203,frame_0114.jpg,45.6,0.2871,0.2622,0.3333,0.28,7,2,False,False
204,frame_0282.jpg,112.8,0.2867,0.2814,0.1667,0.48,4,1,False,False
205,frame_0212.jpg,84.8,0.2864,0.2328,0.1667,0.6,2,1,False,False
206,frame_0197.jpg,78.8,0.2863,0.3126,0.1667,0.4,1,1,False,False
207,frame_0308.jpg,123.2,0.2853,0.3067,0.3333,0.16,5,2,False,False
208,frame_0323.jpg,129.2,0.284,0.3201,0.3333,0.12,5,2,False,False
209,frame_0272.jpg,108.8,0.2759,0.4197,0.1667,0.08,2,1,False,False
210,frame_0222.jpg,88.8,0.2716,0.2633,0.3333,0.2,4,2,False,False
211,frame_0215.jpg,86.0,0.2711,0.2501,0.1667,0.48,3,1,False,False
212,frame_0089.jpg,35.6,0.2696,0.2792,0.1667,0.4,6,1,False,False
213,frame_0221.jpg,88.4,0.2685,0.3409,0.1667,0.24,2,1,False,False
214,frame_0186.jpg,74.4,0.2673,0.3186,0.3333,0.04,6,2,False,False
215,frame_0023.jpg,9.2,0.2657,0.1314,0.0,1.0,1,0,False,False
216,frame_0100.jpg,40.0,0.265,0.4139,0.1667,0.04,4,1,False,False
217,frame_0379.jpg,151.6,0.2646,0.3132,0.3333,0.04,8,2,False,False
218,frame_0009.jpg,3.6,0.2636,0.1271,0.0,1.0,2,0,False,False
219,frame_0097.jpg,38.8,0.2626,0.2933,0.3333,0.08,4,2,False,False
220,frame_0311.jpg,124.4,0.256,0.296,0.3333,0.04,3,2,False,False
221,frame_0094.jpg,37.6,0.2495,0.319,0.1667,0.2,4,1,False,False
222,frame_0268.jpg,107.2,0.2461,0.2603,0.3333,0.08,5,2,False,False
223,frame_0090.jpg,36.0,0.2441,0.2441,0.1667,0.36,3,1,False,False
224,frame_0119.jpg,47.6,0.243,0.294,0.0,0.48,1,0,False,False
225,frame_0207.jpg,82.8,0.2414,0.1627,0.0,0.8,2,0,False,False
226,frame_0204.jpg,81.6,0.2402,0.2083,0.0,0.68,2,0,False,False
227,frame_0381.jpg,152.4,0.2369,0.2578,0.3333,0.04,5,2,False,False
228,frame_0223.jpg,89.2,0.2332,0.3024,0.1667,0.16,4,1,False,False
229,frame_0310.jpg,124.0,0.233,0.3339,0.1667,0.08,3,1,False,False
230,frame_0190.jpg,76.0,0.2321,0.3162,0.1667,0.12,3,1,False,False
231,frame_0219.jpg,87.6,0.2305,0.2329,0.1667,0.32,2,1,False,False
232,frame_0226.jpg,90.4,0.2247,0.2334,0.3333,0.04,5,2,False,False
233,frame_0393.jpg,157.2,0.2242,0.3323,0.1667,0.04,3,1,False,False
234,frame_0305.jpg,122.0,0.2236,0.2352,0.1667,0.28,5,1,False,False
235,frame_0319.jpg,127.6,0.2162,0.2203,0.1667,0.28,5,1,False,False
236,frame_0192.jpg,76.8,0.2134,0.2467,0.1667,0.2,3,1,False,False
237,frame_0081.jpg,32.4,0.2113,0.1346,0.0,0.72,3,0,False,False
238,frame_0082.jpg,32.8,0.2113,0.1506,0.0,0.68,4,0,False,False
239,frame_0120.jpg,48.0,0.2096,0.2111,0.0,0.52,3,0,False,False
240,frame_0273.jpg,109.2,0.2092,0.2704,0.1667,0.12,4,1,False,False
241,frame_0205.jpg,82.0,0.2059,0.1239,0.0,0.72,2,0,False,False
242,frame_0193.jpg,77.2,0.1985,0.201,0.1667,0.24,5,1,False,False
243,frame_0200.jpg,80.0,0.1966,0.1852,0.0,0.52,2,0,False,False
244,frame_0199.jpg,79.6,0.1947,0.1974,0.0,0.48,1,0,False,False
245,frame_0321.jpg,128.4,0.1912,0.2024,0.1667,0.2,5,1,False,False
246,frame_0371.jpg,148.4,0.1903,0.2485,0.1667,0.08,4,1,False,False
247,frame_0105.jpg,42.0,0.1888,0.2455,0.1667,0.08,6,1,False,False
248,frame_0382.jpg,152.8,0.1864,0.2408,0.1667,0.08,6,1,False,False
249,frame_0083.jpg,33.2,0.1845,0.113,0.0,0.64,1,0,False,False
250,frame_0324.jpg,129.6,0.1784,0.2247,0.1667,0.08,5,1,False,False
251,frame_0325.jpg,130.0,0.1727,0.2293,0.1667,0.04,4,1,False,False
252,frame_0180.jpg,72.0,0.1638,0.1955,0.1667,0.08,5,1,False,False
253,frame_0217.jpg,86.8,0.1541,0.1482,0.0,0.4,3,0,False,False
254,frame_0103.jpg,41.2,0.146,0.228,0.0,0.16,2,0,False,False
255,frame_0181.jpg,72.4,0.1041,0.1922,0.0,0.04,4,0,False,False
256,frame_0110.jpg,44.0,0.1034,0.1588,0.0,0.12,1,0,False,False
